{"update_time": "2025-12-10 09:56:14", "macro": {"weather": "sunny", "hot_ratio": 50.0}, "data": [{"name": "租售同权", "pct_20d": 0.19240019924571275, "vol_ratio": 1.0552481285504631, "obv_change": 93754229, "pct_60d": 0.07877320835371986, "rank_rps": 100.0, "rank_vol": 100.0, "vrps": 100.0, "rank_obv": 100.0, "rank_price_60": 100.0, "stealth_score": 0.0}, {"name": "免税概念", "pct_20d": 0.07839582474934752, "vol_ratio": 0.6545891125681373, "obv_change": 72683179, "pct_60d": 0.00662381839626673, "rank_rps": 50.0, "rank_vol": 50.0, "vrps": 50.0, "rank_obv": 50.0, "rank_price_60": 50.0, "stealth_score": 0.0}]}