{"update_time": "2026-04-20 10:32:03", "macro": {"weather": "sunny", "hot_ratio": 100.0}, "data": [{"name": "节能环保", "pct_20d": 0.046806455131434735, "vol_ratio": 0.9708248719575188, "obv_change": -163229799, "pct_60d": -0.049724074716719135, "rank_rps": 100.0, "rank_vol": 100.0, "vrps": 100.0, "rank_obv": 100.0, "rank_price_60": 100.0, "stealth_score": 0.0}]}