{"update_time": "2026-04-24 10:30:17", "macro": {"weather": "sunny", "hot_ratio": 50.0}, "data": [{"name": "钛白粉概念", "pct_20d": 0.048462564207768906, "vol_ratio": 0.6624318720829796, "obv_change": 2704278, "pct_60d": -0.11366728922091787, "rank_rps": 100.0, "rank_vol": 50.0, "vrps": 85.0, "rank_obv": 100.0, "rank_price_60": 50.0, "stealth_score": 50.0}, {"name": "储能概念", "pct_20d": 0.017000458645467027, "vol_ratio": 0.9326774233937996, "obv_change": -87120716, "pct_60d": -0.10161736424728285, "rank_rps": 50.0, "rank_vol": 100.0, "vrps": 65.0, "rank_obv": 50.0, "rank_price_60": 100.0, "stealth_score": -50.0}]}