{"update_time": "2026-04-14 10:24:33", "macro": {"weather": "sunny", "hot_ratio": 50.0}, "data": [{"name": "黄金概念", "pct_20d": 0.061256962616587675, "vol_ratio": 0.7473215761658357, "obv_change": 46001415, "pct_60d": -0.04054417320546357, "rank_rps": 100.0, "rank_vol": 100.0, "vrps": 100.0, "rank_obv": 100.0, "rank_price_60": 100.0, "stealth_score": 0.0}, {"name": "传感器", "pct_20d": 0.0031092075552847814, "vol_ratio": 0.6013462316415163, "obv_change": -20800475, "pct_60d": -0.06954845036943463, "rank_rps": 50.0, "rank_vol": 50.0, "vrps": 50.0, "rank_obv": 50.0, "rank_price_60": 50.0, "stealth_score": 0.0}]}