{"update_time": "2026-04-02 10:20:44", "macro": {"weather": "sunny", "hot_ratio": 100.0}, "data": [{"name": "GDR", "pct_20d": 0.013786142874571554, "vol_ratio": 0.9562472091524546, "obv_change": -36255119, "pct_60d": -0.09243814289685852, "rank_rps": 100.0, "rank_vol": 100.0, "vrps": 100.0, "rank_obv": 100.0, "rank_price_60": 100.0, "stealth_score": 0.0}]}