{"update_time": "2026-04-01 10:20:04", "macro": {"weather": "rainy", "hot_ratio": 0.0}, "data": [{"name": "重组蛋白", "pct_20d": 0.07074047251410844, "vol_ratio": 0.5610252980962931, "obv_change": 6387231, "pct_60d": 0.08221580786388052, "rank_rps": 100.0, "rank_vol": 33.33333333333333, "vrps": 80.0, "rank_obv": 66.66666666666666, "rank_price_60": 100.0, "stealth_score": -33.33333333333334}, {"name": "CAR-T细胞疗法", "pct_20d": 0.052503574927094, "vol_ratio": 1.2530594471238734, "obv_change": 27055268, "pct_60d": 0.018445681662181395, "rank_rps": 66.66666666666666, "rank_vol": 100.0, "vrps": 76.66666666666666, "rank_obv": 100.0, "rank_price_60": 66.66666666666666, "stealth_score": 33.33333333333334}, {"name": "CRO", "pct_20d": -0.004298877610440606, "vol_ratio": 0.9391500765287019, "obv_change": -10204644, "pct_60d": -0.05761541454136774, "rank_rps": 33.33333333333333, "rank_vol": 66.66666666666666, "vrps": 43.33333333333333, "rank_obv": 33.33333333333333, "rank_price_60": 33.33333333333333, "stealth_score": 0.0}]}