{"update_time": "2026-02-11 10:19:01", "macro": {"weather": "sunny", "hot_ratio": 50.0}, "data": [{"name": "稀缺资源", "pct_20d": 0.04525396152665198, "vol_ratio": 0.7769744249436256, "obv_change": -53661502, "pct_60d": -0.09656617358823821, "rank_rps": 100.0, "rank_vol": 100.0, "vrps": 100.0, "rank_obv": 50.0, "rank_price_60": 50.0, "stealth_score": 0.0}, {"name": "小金属概念", "pct_20d": 0.03406386804962681, "vol_ratio": 0.7548414653237671, "obv_change": 46541065, "pct_60d": -0.08832302364222365, "rank_rps": 50.0, "rank_vol": 50.0, "vrps": 50.0, "rank_obv": 100.0, "rank_price_60": 100.0, "stealth_score": 0.0}]}