{"update_time": "2026-04-11 10:11:47", "macro": {"weather": "sunny", "hot_ratio": 100.0}, "data": [{"name": "REITs概念", "pct_20d": 0.14187235103465462, "vol_ratio": 1.4465170338304028, "obv_change": 96863542, "pct_60d": 0.016659267480577125, "rank_rps": 100.0, "rank_vol": 100.0, "vrps": 100.0, "rank_obv": 100.0, "rank_price_60": 100.0, "stealth_score": 0.0}]}