{"update_time": "2026-04-05 10:14:03", "macro": {"weather": "sunny", "hot_ratio": 33.33}, "data": [{"name": "成渝特区", "pct_20d": 0.05458210888291701, "vol_ratio": 0.9677567166843104, "obv_change": -36837749, "pct_60d": -0.03942372991936621, "rank_rps": 100.0, "rank_vol": 100.0, "vrps": 100.0, "rank_obv": 33.33333333333333, "rank_price_60": 100.0, "stealth_score": -66.66666666666667}, {"name": "粮食概念", "pct_20d": 0.026774261258950063, "vol_ratio": 0.827726484938919, "obv_change": 7548382, "pct_60d": -0.08533735002337296, "rank_rps": 66.66666666666666, "rank_vol": 66.66666666666666, "vrps": 66.66666666666666, "rank_obv": 100.0, "rank_price_60": 66.66666666666666, "stealth_score": 33.33333333333334}, {"name": "电子烟", "pct_20d": 0.019081532075576477, "vol_ratio": 0.637782859313517, "obv_change": -8737424, "pct_60d": -0.10169180408113307, "rank_rps": 33.33333333333333, "rank_vol": 33.33333333333333, "vrps": 33.33333333333333, "rank_obv": 66.66666666666666, "rank_price_60": 33.33333333333333, "stealth_score": 33.33333333333333}]}