{"update_time": "2026-04-19 10:18:26", "macro": {"weather": "sunny", "hot_ratio": 100.0}, "data": [{"name": "快手概念", "pct_20d": 0.04433698372611859, "vol_ratio": 0.5608098845557637, "obv_change": 2700151, "pct_60d": -0.021217428222682175, "rank_rps": 100.0, "rank_vol": 100.0, "vrps": 100.0, "rank_obv": 100.0, "rank_price_60": 100.0, "stealth_score": 0.0}]}